s_B,alpha_BW,beta1_BN,beta2_BkuadratH,rho2_BT,rBW,v1_WN,v2_WH,thetaN,lambda_beta1_BN,sigma_NW,phi_N,phi0_p,phi1_EP,gamma_N,pi_beta2_BkuadratH,phi2_P,gamma1_H,rho,rho1_T,omega_P,omega1_E
0.10993428306022467,0.14338517031798342,0.16073362081044848,0.08342009978155855,0.13622289364822532,0.3555706528518985,0.11513977233290705,0.08954553958961921,0.23753135223903993,0.10737346617745804,0.12798710873172006,0.2399204043943861,0.10250449005295816,0.08663819092713902,0.15812356069272243,0.11556722152333276,0.09634207117790321,0.21402520397094238,0.41407144114518046,0.11393908809021472,0.17299286900102473,0.10752819052195034
0.0972347139765763,0.18317418708938565,0.16682353579104703,0.0887963791960606,0.1760249990818491,0.4145649984282078,0.0815566935164475,0.1209801845167378,0.17935821087130505,0.09213322375345279,0.11849267365825539,0.08414978487225241,0.09141188917749495,0.11984084699073047,0.22146611010109146,0.08897628567342933,0.12749752838296372,0.21956748520590655,0.29636035117112275,0.09332361020487981,0.1942192531713793,0.08195896891284979
0.11295377076201386,0.18629141933892923,0.1824915372952583,0.11494587210246525,0.20020974798872734,0.21608594557085153,0.11739211840211321,0.08591312618914482,0.20384483107763934,0.10057489645869636,0.1011926073984035,0.28353498819122913,0.10244595006064568,0.09650080486609183,0.2474281661865199,0.08363602233155386,0.0870807164175093,0.2253888587424708,0.25749559398537225,0.12346249275173284,0.16830320316000155,0.08260673837450612
0.13046059712816052,0.16790890923113524,0.1816140615610471,0.11220740530866931,0.2018792237505897,0.33377815420143425,0.12711275717609902,0.07183077407272881,0.1815089884517983,0.125569037252146,0.08706126444588852,0.19441641487379305,0.11086596058072777,0.08488509681014311,0.2287581324266027,0.09993251085178097,0.08401615986699493,0.24438799367824895,0.20917713644323038,0.10739284384396189,0.1876815388144384,0.1225086956882954
0.09531693250553329,0.19354857153335964,0.10866991896128726,0.09958196812071704,0.18199738114083025,0.2609614458526904,0.10826869806447402,0.06886741652952193,0.1826201509027074,0.10382198136039808,0.1139644662722718,0.2443273126695007,0.10097720140651409,0.11073019687140807,0.23984190743223266,0.09659630754950144,0.09034512955635936,0.2163927462771405,0.1918116194246433,0.09785395711991543,0.12425541332184857,0.07621176214265345
0.0953172608610164,0.21616203427258154,0.12186524880254632,0.10234654766617565,0.22491399729389996,0.2707724769741182,0.13753591625116132,0.1121201990269128,0.18763311506125444,0.10092873096312298,0.107869707708435,0.15840376291497876,0.10081183382407766,0.08203064036417926,0.16972819645722156,0.0909354390134545,0.08093342783482575,0.19034969381525832,0.2049518434196706,0.10895433851620556,0.20853174829491755,0.13285345906511928
0.13158425631014783,0.27544743604842126,0.16545105801625978,0.1255532979157685,0.15729518282469623,0.26445636454566784,0.08452421601792855,0.07439141295007434,0.20888535086534854,0.07280287718040161,0.11790386440055466,0.2245109562025028,0.08596016624386489,0.10056362314738257,0.14312757333032625,0.11392774894913432,0.10245340631989591,0.22690294804810926,0.316027599060689,0.06858247695863001,0.200048219014489,0.08198758530704263
0.11534869458305819,0.20698311251327356,0.16541357852736627,0.0881685722232834,0.19430482059914828,0.24816055381921104,0.07510690593377166,0.1350958836396873,0.18085005513346092,0.11492507132054443,0.1127034360336394,0.15786337747305376,0.08674198164898105,0.09981762006711593,0.2600533460782195,0.11910610417141022,0.13249356916939123,0.27599527739580865,0.330523501393796,0.0774646506218039,0.1673164547572724,0.11276783851216766
0.09061051228130096,0.2103020156289106,0.16545143058918144,0.11094194762340076,0.20481182526847597,0.3029112976766896,0.06442559502191442,0.05836141184232556,0.25023024502294083,0.11290968362282151,0.12099105430638671,0.1750492415721678,0.07194789456400613,0.12171791131663157,0.18709280644631457,0.10176813772583695,0.10646158546232058,0.19469465014469706,0.205128557878072,0.0761214998720189,0.22636982673729622,0.09342763048502031
0.1108512008717193,0.19702216336935333,0.26558194471964164,0.09595614695132212,0.22057755336234997,0.2501429930153377,0.12992088622978368,0.13392912736580076,0.16421570791121984,0.14326509446610922,0.08929529576878864,0.2765612541546715,0.1349915348637388,0.10949396465759906,0.18996667934179812,0.12955060162110524,0.09495292995747426,0.16101882781317434,0.35370229884456694,0.10285886189527414,0.23750280550506236,0.11206374862164686
0.09073164614375076,0.12324915138803834,0.167126715320795,0.0956463759354556,0.2284645951235556,0.3162274095467903,0.11308731312708116,0.10422034934405237,0.19252513423354564,0.09384443530093999,0.12634788131268654,0.19237270396946615,0.0751227352921743,0.09949946082509713,0.25312776567396233,0.0771662177173299,0.09416377462168912,0.24428322677147893,0.2710163368989936,0.13465029998970185,0.13569760542524104,0.08911771995771615
0.09068540492859486,0.19893944498203134,0.18406696920541796,0.12197553703974381,0.15501431632648524,0.29698571343305175,0.0988883065817909,0.09806573776259216,0.182410757669033,0.10438300655327878,0.103951992093848,0.20869731492718893,0.08614189604408186,0.11635532598400575,0.2222492003760264,0.09612681081440565,0.06873618382606686,0.19518475344185607,0.30880758071913295,0.14462600292385266,0.16949100885735144,0.09674414187855412
0.10483924543132069,0.20240920839764107,0.17862005290479607,0.1165083269797606,0.1386354331705751,0.2856631171880154,0.10559937252639641,0.08910161826382101,0.2578791153741493,0.10498767367421512,0.14150521745250533,0.2348027092275502,0.08563185468861606,0.12780415098034628,0.21823551088326432,0.0856635535879439,0.11766219554294319,0.11309321815943854,0.3967332376953254,0.11276102202881515,0.16923430600850808,0.10081838350791443
0.06173439510684404,0.2985296844994115,0.16954173753917393,0.11627019272001278,0.25110707287594036,0.24554618027750413,0.07749021905403247,0.10798272228704142,0.207862191060463,0.1315490655952695,0.08621624363820865,0.21982727551890419,0.11789848753888883,0.11115620612703725,0.2866000937960434,0.06266926765853881,0.09844325605974397,0.23389686708601687,0.3538103589519319,0.11001688949888914,0.16240387595564543,0.07995625088437056
0.06550164334973935,0.1923055614087551,0.14054192266078963,0.1261095761430866,0.21329256047918368,0.2653937201659,0.14891503959233654,0.09924730595150304,0.2412737815787454,0.09809408935226097,0.134719276063305,0.20601675620574306,0.09410100643415945,0.10020705239686761,0.17425927078479428,0.09834638628314601,0.0963904017281875,0.1785868725618431,0.2838881611256501,0.06397884531694523,0.23317899367726996,0.11481648690840253
0.08875424941518055,0.21206189369334452,0.172769076614798,0.10042007683265519,0.17006053853773787,0.34532347354954535,0.10258442363950455,0.12206603764033044,0.1405775850785211,0.10558043051540679,0.10395821566925297,0.21459844009864903,0.12495484145347469,0.07376327535299682,0.2371136051232495,0.09756504983233433,0.16386215135689725,0.19637866870783358,0.24652846647508275,0.08914652400531957,0.19224695444908788,0.0897357286705683
0.07974337759331153,0.1986115292117903,0.12681524356387283,0.11363905942589929,0.26204607902090093,0.3300550312574628,0.10218789589209787,0.1022845529732408,0.21068201063477038,0.11215793019433079,0.08697163992771104,0.29613662340953106,0.08653018751512263,0.07869772673849255,0.2022805249958834,0.13026899486484264,0.10597505816731373,0.21327921322276058,0.1708910759202417,0.08424432496183523,0.1894194063475756,0.09542800169319963
0.10628494665190548,0.15325287849521874,0.14289544179779973,0.09379466486813089,0.20462698537171436,0.24134668531208692,0.11451533247797385,0.10300603522923756,0.2355852318249375,0.10373218246312717,0.09032228331891357,0.1976952481186566,0.10557988324447605,0.09389550591290666,0.2107436911545303,0.11261623369109555,0.08496417899809632,0.20761998719116267,0.2568508008454548,0.08758304803497768,0.11984550542372986,0.08011301250782976
0.08183951848957578,0.24571291258060085,0.1354390935651269,0.10648332704976884,0.24717188736255308,0.3059599383257535,0.10962018463473427,0.09272775575572288,0.203291359571017,0.09107132770898944,0.0935930538361136,0.20804396186859872,0.08329305893480485,0.08780975595681434,0.2611387370565013,0.0795162635134159,0.09147284807588914,0.2283780726855616,0.2873321856703383,0.0966371236283042,0.2254167212083691,0.048753326824093786
0.07175392597329416,0.230077321307471,0.15245622418158966,0.09739713891264631,0.20270073925640436,0.34508322740230735,0.10447768048558263,0.09886108752557865,0.24261921500261407,0.10388179985796615,0.10848331892803834,0.2420261758403045,0.1429029825554678,0.09626057394029108,0.22031343025158495,0.13708185132668377,0.1229689141839351,0.1825805451772063,0.24076922837092896,0.09055818844605745,0.1504296642058611,0.09617944474799663
0.1293129753784311,0.2316412778817219,0.21943975700020524,0.10193991929985437,0.28242991699527953,0.19983568313271768,0.08419051089109376,0.10615603537784118,0.17930846199598513,0.12147263499719545,0.11045670976071,0.24422103731831937,0.07624803161940974,0.10113299849794215,0.22153184316198532,0.12442067391050707,0.10226540821075529,0.22052423192704332,0.29212458197446173,0.060414003792484246,0.20239730521065313,0.14825230843225834
0.0954844739902693,0.16362450180821045,0.09398204422224755,0.11190314050873829,0.2702136336977282,0.3326016115427961,0.10942936714271992,0.06579663214686748,0.25637389760742324,0.0794696940117788,0.08852599992122842,0.24748121222241523,0.10619641420454055,0.11059385508713462,0.24290029349239212,0.11164195406937233,0.07123444043365267,0.1896181328966433,0.3046111129775261,0.11495820512235068,0.21109507751832768,0.11569208575796049
0.10135056409375848,0.256111772437444,0.17058780571123539,0.08363558633533055,0.19004143406083707,0.26024257446324917,0.13764048992950068,0.07303629155788574,0.2919559249447701,0.10265939348293752,0.09951290815478035,0.2255492088811674,0.11267553761864198,0.09859002443881817,0.1854018908182846,0.09547031802300336,0.11838457869150408,0.22955241923550013,0.2865086410915153,0.07854513948520386,0.25442634383354606,0.09961479240531211
0.07150503627573086,0.14392595748830878,0.10161852386431044,0.1418477455137092,0.23886283803817424,0.33423592011558956,0.12690840092309957,0.1148652818804543,0.18548645758241364,0.08599758370121655,0.1428454071722373,0.15427980349078066,0.10827598194902997,0.10973003287652405,0.16643161330643974,0.08081121526553041,0.08663711828922012,0.22461469936052214,0.2609998451505924,0.104784937282223,0.14764718403523552,0.09474218341583465
0.08911234550949634,0.22347428375201084,0.135842044026317,0.07987965237000597,0.2258150379834059,0.254204450607449,0.13186373253278794,0.10341730876255885,0.18217989914396915,0.12390093257849685,0.13455086340201425,0.2653372612920439,0.09629424682244583,0.1012894882962024,0.15820763223915865,0.09255586447857894,0.13746595552435092,0.1625824519182162,0.3101192803180036,0.1414816533949995,0.07921951376716697,0.10044931785624094
0.10221845179419733,0.2876182250323992,0.18266851790902097,0.07571622774424536,0.25474526230129396,0.19170707396012887,0.0897756864713763,0.09632033327294642,0.25813537908470807,0.0695362619043245,0.10872647339348065,0.15414618427925247,0.09740358600533149,0.06049066867292257,0.12134573642495992,0.12177497239408373,0.12160096131429299,0.24343928464700132,0.32651643897416455,0.08161230816827153,0.2073539817901478,0.1109423823035042
0.07698012845155394,0.16037854699477247,0.1519284005728639,0.12316221747000136,0.16140306157679582,0.20234745372701024,0.08020790359482838,0.10036867866130787,0.26318288582922855,0.08882156305456823,0.10076006956336402,0.21210541860956134,0.1008762294395822,0.08121329212362491,0.2822482851976129,0.13769172611869218,0.09105356208682498,0.1785614621954381,0.23457605535342924,0.049394249545073404,0.2720204472604342,0.0763837436938231
0.10751396036691345,0.17734809081588912,0.11766765666212081,0.11583325387925872,0.22744205839993759,0.3028850967996829,0.09748426159800705,0.10695163410723343,0.17908559891386927,0.10754423750129043,0.10240062653436523,0.1698289659992257,0.09705995996743023,0.09711824888556769,0.15587166537113267,0.1308648705654438,0.12562032723470226,0.2323223119312458,0.3846559427847762,0.09427991556239779,0.24955785411757753,0.12228643389337746
0.0879872262016239,0.20398605460350566,0.12854088872220096,0.11248239634104311,0.24233697947398353,0.3155833501032889,0.1011144982457739,0.08920480639381277,0.18319252731616573,0.1313104805846868,0.11227035945460834,0.1974344661362803,0.1192775823358982,0.07580610514317784,0.19114985505656912,0.09022301156427452,0.10135711021054807,0.21469149253605363,0.2940847120629443,0.12201919269997143,0.20838637661098505,0.11430762630882489
0.09416612500413447,0.17986097383535204,0.17038793246804027,0.11256691018528561,0.1296504205430754,0.24574100249373548,0.12188383036941898,0.08443390549195375,0.18872861564557972,0.09868499477854024,0.0795441486960319,0.21315049641213923,0.14421046003182703,0.1119985745999241,0.18892746800444318,0.07760765133421978,0.1170554735024444,0.2735273470718049,0.30113097737669087,0.1391669490844119,0.18033455257471812,0.11436371451415869
0.08796586775541207,0.1379734627573547,0.1280890010484859,0.09975506454306171,0.152669659493369,0.33831554752664245,0.06615070740570361,0.10391690510195364,0.14622197955862892,0.08889600946613603,0.09485246925153311,0.21285428861801092,0.08885016429984333,0.13061501664687397,0.21229626791236406,0.10281772493822408,0.1096946563458895,0.19106136070512592,0.3424928653953934,0.07540900811095166,0.23228490386549244,0.10876951477619455
0.13704556369017878,0.2027425189922411,0.15649375768745924,0.08205491257028337,0.11843071288959597,0.2003087962638624,0.13059100638921228,0.08043254444769936,0.16325392214063206,0.13762314138881182,0.06662831852244822,0.2168768301694114,0.07260394040841844,0.12437523703394635,0.2326294885015719,0.06463121268874297,0.08307286690018253,0.18602732815527212,0.3139929678758101,0.10993398446473045,0.16105815201182125,0.1003923331538798
0.09973005550524133,0.1575078514509558,0.1513671551971144,0.10151609116387453,0.1892237266222177,0.296035212081161,0.09683984202842022,0.10816505511428945,0.1598343693299173,0.07103972199167512,0.10798446245210559,0.2645484507623459,0.09823435903297491,0.09573114258139584,0.23441893953438983,0.10646335428369563,0.08712900335365076,0.1992232157644907,0.3571881980347947,0.09069379086439894,0.21905431077424878,0.1134572247193364
0.078845781420882,0.21894369722540727,0.1304519895718255,0.08645676576975778,0.2287016902318385,0.2273390280142526,0.09146237860105161,0.06594832791524319,0.16928809739583486,0.05602388086759836,0.11294391879405483,0.2181413720605592,0.1515941867530864,0.12981452273699906,0.17667690245724246,0.09704794827402663,0.12059921635162324,0.18787280868662898,0.31722744991210944,0.0978810329139173,0.22021880636666508,0.11183628267482756
0.11645089824206378,0.1632230306306479,0.21431832267975975,0.11950239466835504,0.26009428208384117,0.26088983353187045,0.07975791249479665,0.12058311274651289,0.19861260450452875,0.10880028900106666,0.09033627075401253,0.19023373458837406,0.08392650864060539,0.10297334914404224,0.19331513144854354,0.09067926996263516,0.09330449335786918,0.231997676077682,0.2632537575215737,0.1528868669403407,0.2424083962999552,0.09291918578117953
0.07558312700057956,0.2619973762007016,0.16901757066954032,0.09705885236995723,0.202963791216791,0.3028439202789848,0.06690286656268461,0.10945194964826087,0.20936858930146085,0.08995891551294778,0.13147973526580067,0.23856348673153432,0.13278233610888135,0.09325828057763921,0.211303198019532,0.06810593865466409,0.09192703073516006,0.13534757566253647,0.3216902115123661,0.06994059343209694,0.31038640155644315,0.08852796454206198
0.10417727190009511,0.1686698683065505,0.08924572240027179,0.08349005606414978,0.2651446218228517,0.24837519808296285,0.1164634116792383,0.10512059468627752,0.2620200197125631,0.07957534365738574,0.07548468673995318,0.24757881955698563,0.13355401628152883,0.0877319467291812,0.19005235495265813,0.11027200213139433,0.08089754841301294,0.15785270323414585,0.23137642756076027,0.10507479322989148,0.2156966386871507,0.10203712590523974
0.060806597522404485,0.187117539351773,0.15559362944308283,0.09357228316694013,0.14479594167140436,0.27692666734621046,0.10146635934376809,0.11965381967891028,0.16006583837044835,0.11416712894598707,0.0707125023958036,0.1508956873945203,0.08892823516584011,0.09395060627023744,0.26429382304079974,0.08934598320676178,0.10847198131186923,0.15728788313683228,0.3065135823465914,0.10935386343530867,0.17964145497170006,0.13098040302990377
0.0734362790220314,0.2325406886947868,0.13014640605694835,0.1082586290855125,0.13186470242579382,0.3603775685528664,0.07420078200517892,0.13330948888925154,0.23937289593906336,0.10487601427542398,0.10448903637119945,0.22389600279399435,0.11137966158370552,0.09223646362917542,0.21963899806553006,0.07660166328579424,0.14125049838486292,0.23801230367894305,0.29800620056133237,0.12171572649878695,0.19897702751232024,0.07521785848692199
0.10393722471738248,0.15076542734264178,0.1755730000438867,0.0887255089439205,0.19777809204413527,0.2653864878286111,0.07409842455872767,0.12028740130036261,0.19144044623097964,0.08871842738526543,0.1209419660522431,0.22804690969243596,0.13256793246257076,0.10340832444750976,0.2293951114419927,0.04255475573436701,0.07864934171491454,0.268424534903277,0.2875129885636476,0.10195966306941792,0.12923696380443528,0.0706494946849512
0.11476933159990822,0.2090983973841652,0.12622437784701898,0.08355559208867137,0.2153626179575723,0.3501415267239085,0.09328430601419745,0.0631825153733671,0.1980214516139027,0.0743939120265821,0.1336785538291574,0.18809745986560034,0.09241744518025026,0.1032114796209973,0.22651525074669654,0.09944970189898727,0.10048438913345517,0.19582203125850114,0.29228774931366414,0.10616101079008206,0.17221147475643767,0.10329521682473033
0.10342736562379942,0.25228571017129714,0.14655790675599303,0.10487374422983825,0.19869221007623628,0.2322175887205429,0.13338043050578788,0.07440846066528597,0.22699277968666418,0.1174491465656029,0.0908223147426212,0.2550282725324648,0.09592839279795277,0.1000609204030683,0.246938954299413,0.1354450319333949,0.1282444111083086,0.19324713107239957,0.18708905727014163,0.09216702865156418,0.18362870247547586,0.10101775403712036
0.09768703435223519,0.1357006706175509,0.16514961836941372,0.10489933142217446,0.11730231599840493,0.33178825067491696,0.09480817297272791,0.08750362844608643,0.15509111913750806,0.11300402355917323,0.12157361666862593,0.19399777651869893,0.08836638172102712,0.10873876339492701,0.20724086234814829,0.13322518429095742,0.0984071721750857,0.20280208652452728,0.2670765055355423,0.10538253882490216,0.1790364640826163,0.10346683328740817
0.09397792608821423,0.20738535434129218,0.17597265582510363,0.0898611364925774,0.19643519841948848,0.386494117239474,0.06993714093763788,0.10052182100421668,0.21529638984736205,0.09801648272441235,0.09922983060998586,0.2050230581388617,0.07970486538614266,0.12381292549572684,0.14812672208176614,0.09085807486827457,0.10904743592499469,0.24647513210432764,0.3055706940684669,0.09313615449005179,0.2060941948813489,0.10487906395817001
0.07042956019265145,0.21039531176993695,0.11399110778832672,0.09057923388763355,0.14782121997980588,0.15170132999236263,0.09508513871828111,0.11035318040938247,0.20665808832852225,0.13693273992095334,0.09654745400118361,0.1930771270286452,0.08701444909867986,0.11899108270882648,0.2159875180701057,0.08795575879276439,0.0787521294370624,0.16290587463237705,0.309591383519844,0.11243143779712103,0.167103202704712,0.0955359549073039
0.08560311583210584,0.23127291487109242,0.13996496292477154,0.10464099874715273,0.22678690195320156,0.2521862846717714,0.0945455286050466,0.0854851237369307,0.21969805056032599,0.07859830467347695,0.11767319874973345,0.2006231619032587,0.07552119466475488,0.07030204063100193,0.17394572424832686,0.10937548512150048,0.10856614194415298,0.20953475930939142,0.2383394915444425,0.09260779327912733,0.24484122669297886,0.12979726877204165
0.09078722458080425,0.15052197156487673,0.1357516406651713,0.07103831317005352,0.21466392984387395,0.3346243276308324,0.04606226714116856,0.10373533528954157,0.21156674575631274,0.06948949658150522,0.1130464575682684,0.15614899652419192,0.10068166936518452,0.0489215773019609,0.17885533273000973,0.08003229121623417,0.09625711469990902,0.23900790519129722,0.375942470451882,0.10754200787804373,0.2000082825967279,0.06798192043046969
0.12114244452437832,0.14718173547662894,0.13040012302278864,0.07185072451246889,0.1624048085469058,0.2878172768374204,0.09891410266964376,0.08489234135293355,0.2982120055964358,0.08616183860237511,0.06847215686031502,0.14239796469622823,0.08460053537882717,0.11868639822478548,0.22345456075020376,0.10603583799638933,0.11971459991359727,0.22004376679759383,0.24802950910712995,0.09941474372630044,0.19962798715445543,0.08343005950439508
0.10687236579136923,0.22087766262467592,0.2029636272084329,0.08563111557495129,0.17944532330653226,0.32226875240227854,0.09538130939582645,0.08776964394016104,0.17449040062994736,0.09908827967289005,0.12953080699451794,0.2637802025289989,0.10467571823581497,0.07266242603169158,0.24953132285734544,0.11532160556769382,0.12374772103129503,0.20758326466394975,0.35816743203160417,0.12252100501544337,0.1868842113394833,0.09793490479701905
0.06473919689274532,0.21187938692932745,0.16214945132882866,0.09573105696576306,0.15763145912444193,0.26376088879705073,0.11392412729626837,0.07186677806303556,0.1787601217999273,0.10486678898645384,0.12760182708294904,0.1661215460672669,0.06888208707592745,0.09550469196214634,0.20085086306944247,0.12453866447768616,0.1517912728403723,0.24004184370268566,0.32563166171230107,0.09897212552823029,0.20620762735435919,0.06713622377691665
0.1064816793878959,0.21001971401383507,0.11217348136994865,0.1062181513119601,0.19749283610907314,0.305195387248374,0.13697912189890693,0.08153533507778192,0.17507437894300942,0.09517527884287341,0.08748874596980942,0.1603443060217477,0.10661760464428915,0.0765977394788128,0.21235332050395855,0.09799691847040096,0.11159266346427152,0.09187070828003051,0.26122636140937183,0.06453935063586237,0.2330039305867054,0.09648291191135858
0.09229835439167368,0.21385792837987905,0.17753585841164327,0.12950712433899106,0.23820569282004955,0.29065936587647523,0.12253130059095516,0.07296630788767333,0.17778091523358983,0.10704110793028594,0.10791607066874818,0.1138643954558514,0.1166705792321785,0.06396039124839961,0.26808859778540955,0.09592652499646069,0.10651592633164333,0.22711501278123633,0.4065186535565707,0.12523843001427984,0.165314791371564,0.13322940331456037
0.08646155999388083,0.17279901113686036,0.213664685910379,0.11715319246404039,0.16057095814657826,0.37006692369958843,0.0946222261889034,0.08048253494045335,0.1745045149077393,0.07496921151619113,0.10988060372565478,0.17444153009241992,0.06012528714857089,0.11082925456409577,0.20963012717954274,0.08244034826486878,0.10388768603154673,0.17383697267490306,0.22838179009461118,0.08188535398274763,0.17367534043698973,0.10041772976591924
0.11223352577681736,0.20929014788644015,0.18097395781653441,0.09680122940073146,0.2201618606207138,0.31526525059807275,0.07786948182516659,0.1210728359321568,0.2475606612443021,0.1288752920814652,0.10521347531647815,0.14707640826370005,0.10748113139695145,0.11518310320605295,0.30406732456721586,0.0834623929192028,0.09293667414378624,0.12677468412574172,0.35514925041660006,0.0869246732270236,0.18785095884893344,0.10461401811437368
0.12061999044991903,0.21172289893194726,0.1044189010213796,0.09961967584194623,0.17878969526510238,0.3202561597245121,0.15146719606499723,0.08101202222336114,0.2568201699195942,0.09835697643214864,0.0889938969230916,0.26568060640545477,0.12455337984946585,0.08846979198546562,0.22262038582526178,0.09547042216196946,0.10676967686923383,0.22044810398099923,0.36003493908257866,0.08808677411913016,0.1461651630610714,0.0747967046965484
0.11862560238232397,0.17142594327894528,0.13547297781401246,0.07994941270724382,0.16828508670950623,0.27528738203265196,0.10118436868028977,0.15264764129674782,0.17717014825002095,0.12234591663176256,0.08656753264123897,0.24039268357370538,0.07580717962617589,0.0481791541571018,0.1295694896337673,0.10734731013632356,0.09409197179721941,0.2549463418065183,0.25976278745540127,0.12748876186341634,0.1672296856111401,0.08767277183921045
0.08321564953554723,0.27463098044579026,0.18800733447559867,0.0996297372801522,0.19571878560181769,0.2707436265556504,0.10027858583825892,0.1098663580176178,0.16670577707583084,0.10685450692755409,0.0994889185801711,0.17247398619289106,0.13345144773675408,0.08907511103495035,0.23013366484418132,0.11827169252466499,0.1033692195253923,0.19450205941489235,0.3835479180038597,0.05728651572042609,0.18095116505821365,0.09249607239352127
0.09381575248297572,0.2189533168364715,0.12876991603143656,0.09422682722159724,0.15859030710322503,0.27404650873082276,0.09951749825779994,0.10369672247389748,0.21885662225545618,0.10913506438307569,0.1234545803851873,0.2900974322137724,0.10838038018732091,0.10783608010805093,0.21524633539531113,0.0839364209863931,0.1263519507121592,0.23811498188811758,0.28499720912406284,0.16275497067319988,0.23497556722850912,0.09364569806487533
0.10662526862807128,0.15234786011189405,0.16331458284438685,0.1064543712067618,0.17785402778611273,0.3236671285426978,0.1039616952153571,0.08283284439637573,0.17791107822876115,0.11139534560464409,0.11087200309188866,0.2392706194796638,0.08589976288483182,0.07042176862451742,0.25159011016330984,0.12985377137919044,0.07986914869440717,0.26449113031954585,0.3173216177567914,0.12112113618132105,0.210502453160077,0.12563287590007538
0.1195109025424472,0.22626214434535322,0.1732390216028801,0.08345538112895354,0.15208488429644607,0.27474093115078424,0.09711279176152116,0.11400619758817984,0.22531727271022045,0.10895417120034631,0.09258771335827788,0.1870067446596551,0.09888461844684589,0.10366719839558312,0.22692725405079836,0.09457752797914863,0.12279757122258092,0.2525965781433619,0.3156193103262732,0.1044647782825832,0.20774359645470178,0.1111538212145025
0.0904165152430942,0.16101273319090714,0.1221920858526575,0.11038693028482345,0.2785890053166556,0.3173864914137848,0.08852675986239528,0.08848724347524453,0.208116920834052,0.11285445519735089,0.1154339742129669,0.10002377140505707,0.11116653825043446,0.0996938030165401,0.19446176064064905,0.09957265411303129,0.1263423013467973,0.26559858117485574,0.29194147551176713,0.09890211998767427,0.2340359184867189,0.07777084086125936
0.09628682046672367,0.2314833841496981,0.14821423931814598,0.13065477826005156,0.20141054207886916,0.42452404791872633,0.08906282117519217,0.10244019629290724,0.13937023540011073,0.12658305060264863,0.04302914758739849,0.29163770290362967,0.10152010782824823,0.11158582999202177,0.15102807054842537,0.08505576641704353,0.09763862946017843,0.2296850996428757,0.3486484963895869,0.10571108149715315,0.19450512846402415,0.10493009556864011
0.07787330051987944,0.24634382316029618,0.05276197979792782,0.09782479703086286,0.17201097968029658,0.35226748220590154,0.09934493459568004,0.1512016907653759,0.26190020805320247,0.10393042339402941,0.12297531400744208,0.14441710132945615,0.11077511984892739,0.10239160736828307,0.19163906970855898,0.05151519479454116,0.057562902019828104,0.2030173455560637,0.34760932323313276,0.11042244856758678,0.2156185939971556,0.10996443496993571
0.07607586751838659,0.16717270726593159,0.11926837075997129,0.10803423444197884,0.2085591964293689,0.2804385880699295,0.0891315045773247,0.098078802005507,0.2718351069238209,0.11418007515177026,0.065205724424438,0.13418405012172432,0.08158652813841268,0.08053862118236889,0.165979181831628,0.117680907927221,0.08784356025811135,0.13592136752411327,0.19508808160570915,0.11290431171900114,0.19587112988270017,0.12280298077042534
0.11625051644788396,0.2385350451697729,0.14242295545820519,0.11380287983422226,0.19550687801236682,0.3720728353298367,0.08574308434645672,0.12298546652571353,0.17548845238062455,0.09820528611425547,0.09275118117193736,0.24090281728038562,0.10338721648072156,0.12393143003328984,0.1767790620078111,0.11473687794184867,0.1259398909312222,0.19015750047480207,0.3782604145726891,0.11111208932006898,0.21061449397598514,0.1316108137313675
0.12712480057141648,0.21651123707745995,0.11256650454105452,0.09197559056228327,0.1911612160186711,0.2755154776187069,0.10212860455383795,0.08593647149748225,0.18449193760256064,0.12880234430898946,0.07760660210747712,0.2975900962535709,0.0717257100619004,0.0968294085394606,0.2235431361768244,0.09437344885763574,0.09954263875402236,0.16627013618735234,0.20025048071785953,0.10179161362510498,0.1766896536955367,0.07969811616344263
0.09855979756839332,0.2328824063997796,0.19897233911794904,0.10448184963620834,0.22456666800173702,0.17771252788932876,0.0949004556515829,0.09930023019006078,0.2114346156289962,0.08647215395881461,0.07410637048558188,0.25537091274042073,0.097775478773026,0.09945390920980136,0.26679618017405626,0.10133981434449744,0.08001395535410179,0.2868377086999126,0.36195277226049943,0.09605323159385348,0.10244731366894283,0.08378284977579324
0.1200706579578405,0.27587171930615795,0.10709575866118101,0.1002518480156359,0.23030030840189222,0.23951482134495575,0.1300798597716538,0.1354160127127102,0.213378271599481,0.13601880865821633,0.1232165357475704,0.2225563648020944,0.0819218471707042,0.08133464081853609,0.21578686119291926,0.11031878435408199,0.08990450157543566,0.19296456750270655,0.367602308209655,0.09697453432692978,0.19462883351254784,0.07484844282170768
0.10723272050095269,0.1901844753598852,0.13679866539909047,0.10195352197097664,0.1787799540955789,0.18775248473844863,0.046980603832139756,0.08746065884424466,0.22634177090691324,0.09919684098711314,0.09064597597376217,0.22379017366661147,0.08528940114820467,0.0911343549761698,0.15216467751859264,0.06874908286226915,0.11681240053009107,0.20492819227137943,0.2345420141870881,0.09610183439294638,0.2569099254439976,0.09531960281786038
0.08709760490789752,0.16985055342570043,0.15392221731858274,0.08453980432289067,0.1769672703742128,0.2789091909575215,0.12183013703844925,0.1362489711599386,0.280408181550654,0.07138449795763904,0.10693007763461432,0.23413662235121233,0.12472186350420876,0.08230394571946198,0.21778410672880563,0.0894189464530741,0.1109346713640276,0.22205941504161872,0.2753511427227249,0.1226754019373413,0.2370486160896637,0.1093271674889267
0.10722791211016829,0.16441942281497907,0.19323819867198344,0.10049020348517886,0.18899793211393426,0.3011051027513731,0.12492170384995259,0.11415503870910952,0.19292211090023803,0.1025620882982158,0.09906158842241633,0.23035714359147064,0.1218262024118854,0.09654107880153154,0.24786525946582605,0.11588529359243654,0.09522135801660611,0.20174409785489816,0.23365771989084383,0.11187113444561725,0.23861589938364686,0.11974669033178205
0.1307607313293194,0.16736758860138248,0.10692413546461682,0.109959965824909,0.1079231534105766,0.40058623873651694,0.058532195351837006,0.08875066448211465,0.16806811021846185,0.08637896685050239,0.10954081654446243,0.21124765695877504,0.11218276241814355,0.1342341696028469,0.17560868382722472,0.07491421153661501,0.09266351176370625,0.26780204161723015,0.28710473818267584,0.04119222730671439,0.24944522887224874,0.09848097952714956
0.09928347921780098,0.19691593162343585,0.1848949125646488,0.12902287215590086,0.13939235751205792,0.3196156424258497,0.09314624811839303,0.11264815478111043,0.1448272308794189,0.1168128709797745,0.10153643782120511,0.20416804415807505,0.07815374470654843,0.07256197714137287,0.1946393133330833,0.10587115864333259,0.09216483701912356,0.17509402553062192,0.2815179429488555,0.11311801553059522,0.20354630363845752,0.09360304953490313
0.13129287311628013,0.21364607899266577,0.1503069918305876,0.11918541652170414,0.254674970697781,0.28685396827146814,0.09257118268008417,0.11945108899253461,0.17076279840232325,0.08694752041395218,0.0743401555162286,0.1974962748840191,0.09367183100610396,0.06772877204246518,0.20058752778916789,0.0728683639075319,0.08155179631002996,0.2077842982094897,0.34677963193616035,0.1038947238943755,0.20789262829622385,0.10303515984497481
0.04760509791820511,0.21106763197320078,0.12055474046856146,0.14306364915023115,0.2657987085400514,0.34976433487100933,0.07184976610564357,0.11243619924434393,0.19867492108504814,0.0910763313357044,0.11992533638894282,0.16984141644533296,0.12426195399958367,0.1294234065498722,0.16860406747671042,0.10932859964867053,0.13230751378938885,0.17030117657207808,0.3786185247671765,0.09962582487108206,0.175293924182626,0.08329714196739954
0.11643805008750449,0.23308732996144096,0.16386310422789813,0.08465304874223901,0.19003855841774486,0.16733188145952688,0.0844436662481825,0.06859550560219087,0.27178231454071156,0.062209185381089376,0.09012486833677376,0.18877299692532903,0.1028343382727981,0.09581352645696269,0.22593121735375438,0.09928717035405034,0.0935535906157732,0.14719909955117177,0.38374102864739734,0.09222963093822228,0.18735708575891802,0.14179077443389548
0.10174094136476343,0.2005200756751163,0.15597179086720409,0.11744641273441357,0.22306227852223068,0.3141368734865139,0.07778848309068342,0.08545725648350264,0.17929554803855316,0.09095387361501847,0.06886836202680498,0.13228172743218458,0.1463865907996339,0.08661854522680167,0.19516207405568875,0.0676973636818898,0.12434317041650994,0.1755292363637886,0.26626991840530184,0.12248225439972028,0.22463084599084568,0.06784677945763883
0.09401985299068266,0.2581413630862927,0.13199349368523616,0.10366684011476704,0.21245000618174145,0.346251911633218,0.13504540886847247,0.09504962728896992,0.20895151806555595,0.05152241346742086,0.09143769678068175,0.19606641492821,0.10786635678788745,0.12079809374792154,0.21678129775628113,0.12329478708914343,0.13042632103844903,0.19851852811806353,0.2874466875753283,0.11895052924245716,0.24815537748675268,0.10369481157791449
0.10183521553071005,0.18941372667048176,0.15209406254970056,0.14379605866435347,0.32315523233820953,0.21128482525320952,0.11871356786294923,0.09851133141799907,0.19934308415708993,0.06832194353028553,0.13001519581268622,0.1604563557139633,0.10384098232980064,0.08788768920526271,0.164500312887916,0.08530816846403902,0.11996621796295921,0.18282791101930962,0.19899370846674297,0.08454244664352782,0.19442214897276003,0.1404721243845928
0.06024862170798214,0.30880676666358475,0.1384405920941472,0.08383403429289697,0.2447829964573831,0.36862524259241575,0.12543110189988319,0.11241344195101356,0.2475357309379234,0.11520829312288595,0.11700443484226987,0.15585642731136917,0.09381767071594997,0.13652019427093873,0.18250166798706358,0.08379495125971238,0.09136759374563903,0.17230316080504576,0.2516477960102287,0.10814104574249071,0.18199242940594354,0.10013599689119997
0.09560656224324976,0.22502669391060026,0.15340552035753743,0.08320556315638448,0.19488329634076934,0.32030978444966485,0.11443344128086472,0.10355402001866508,0.3010772970349449,0.11571600317301665,0.09302695731184282,0.20719576604613915,0.10267081809564566,0.11355851742678538,0.22889525431311086,0.10401138394461887,0.1080746018067322,0.14374730145312664,0.35789109798584745,0.08056686530917428,0.2000211183542639,0.09619921929997012
0.10714225143023494,0.1657136977433487,0.1698639202356314,0.08801214709111956,0.16177838237598297,0.2750827251659519,0.07741896457565542,0.07329311282579798,0.1787652490831872,0.1085091512356993,0.09301484591363143,0.255680091453784,0.09695060327238912,0.09024177183708595,0.18508667391632933,0.12297274698857431,0.09951608787218168,0.19667577709485223,0.39693496941289386,0.07240763670422139,0.22404826995716462,0.09285109154379147
0.12955788089483034,0.1571643000775555,0.19758050448436054,0.05752208551380386,0.1357421471896971,0.33796691196637707,0.08950959467440453,0.10760395702011927,0.18042242229927113,0.08066047713741574,0.09356729897565236,0.23673266424009254,0.11416217353377181,0.14314616426531007,0.2690785540493362,0.07968356362043207,0.08192596278539743,0.13981118503875992,0.22593906768720468,0.08746565550820071,0.14224580735465833,0.09639216636475184
0.08963459563452705,0.21929889660972743,0.11286553503519453,0.08948489956638478,0.20813854543468893,0.4362415714682637,0.10978749122455837,0.11221171490567647,0.2417664350827629,0.0990457728771604,0.14153495967121682,0.1371799758550729,0.1191340463358917,0.08788570153993323,0.1840145525754159,0.10123359699695944,0.10648718563443206,0.23040223854758413,0.2644521444508263,0.11724786944765518,0.10815276187451046,0.1274569694935306
0.08383012794213625,0.19106148858696598,0.213991001239688,0.08481734676892605,0.16974597018862786,0.3109119753035097,0.07555744382216109,0.1111958089586208,0.22727565958505247,0.09992794921818864,0.10763870904463108,0.1604148745371865,0.08428021078984102,0.11484190744018614,0.20898738903007544,0.10857633000661146,0.07641920417680395,0.20329759011738013,0.2984156545824644,0.11906250090752174,0.17797852602033667,0.05576276177340986
0.08996485912830927,0.2285600197636837,0.09143736601432495,0.10300787572952416,0.14310985161609302,0.31489323517802015,0.11425996860344777,0.12161561451109244,0.2738682930294414,0.07683270621614914,0.1086008329438214,0.23763084751952865,0.07337534092884444,0.10598585160812984,0.2373036332749236,0.11386211214526289,0.12375358776923129,0.1416979400214028,0.3168096695291764,0.11026170840194587,0.15117150296343365,0.13066867402592652
0.11830804235404149,0.2189295049829418,0.14544644714893248,0.1068351195155432,0.17413708463029895,0.2724383460275853,0.0951934920368373,0.11667844309097809,0.22335712741303856,0.130067966035343,0.12060566908063686,0.1607005042584676,0.06327589253793406,0.12603482578797598,0.14326537068267872,0.1035288311055445,0.09070765405403214,0.18763163691800547,0.25142378880470123,0.11450191573695995,0.17967439209410757,0.0715208569509971
0.1065750221931937,0.1970868434937251,0.1676495161945373,0.13752341678431773,0.1567380798554242,0.2490093378321125,0.09250358384900806,0.10918360158456875,0.18562831636851762,0.11754724581151343,0.10477578318053028,0.191014674000119,0.11015982653825088,0.13123022393453707,0.12956764752076896,0.09265944321833355,0.1040231931174568,0.1699137437763767,0.32544366266784536,0.11032356574229918,0.19408878724730114,0.09466695341531171
0.08940479592465923,0.1661282512772638,0.15842975603205098,0.11900847676372102,0.26748566540290264,0.34982014899265473,0.11421919936406984,0.09859668577082706,0.2236261932276924,0.09558071652340673,0.09481915708358594,0.2220020839609821,0.07793266787652253,0.10064008298131534,0.1389737474171962,0.08344819558702561,0.10566575743092285,0.21276698041676723,0.271569639175745,0.08717036809554096,0.18187006363907948,0.09141511159402677
0.11026534866226713,0.13940611101256542,0.13131901440538218,0.08846192688675195,0.23526559027797805,0.24863497044546795,0.1088852662297208,0.06678078132968017,0.24434814322331633,0.10053771677989062,0.09607300301830043,0.16126622180545458,0.05694218814095034,0.08493164259307634,0.2505033641370873,0.1017228776609275,0.09482190052591846,0.2536180178409258,0.29913286374730325,0.10863845089347882,0.25809870137882984,0.1117710653954144
0.10194155098696081,0.18213940191731917,0.14375633248928174,0.08203170657303284,0.1996810943473353,0.3042939742331635,0.0927806766836184,0.10859236438265173,0.23281928724789458,0.10416765615895106,0.09856797481171872,0.2042150202458384,0.10777157209061929,0.10919944285878233,0.17792567416430213,0.07855721976028787,0.1117338760295055,0.12499310121417022,0.33277705488022197,0.11600819050455366,0.2130697905840928,0.06803751296232505
0.1193728998106578,0.2342559517729389,0.13520997196023501,0.10983838343013012,0.25919776555560103,0.271340553194093,0.12318659606728496,0.10415375374326223,0.22029096124429193,0.059165302631514184,0.09925555526980318,0.14663898020327182,0.14985999034865582,0.08644569260495788,0.3023279714267301,0.04157299033010785,0.09050192686754951,0.2046010431658967,0.30038533618865626,0.11508582659627149,0.21201897438443315,0.10924345332163886
0.08595893812245295,0.20856374976520817,0.13231905729167365,0.07359533585958716,0.20309473230590475,0.3287387895447835,0.07837873344800206,0.10543157674390748,0.24266698758356617,0.09505645234958807,0.11455259087273961,0.17594529424195146,0.09987858176920214,0.14026774495053246,0.17743009605370447,0.10873119608315336,0.11742594594914489,0.19359468817733438,0.2738168465684059,0.12377826742949287,0.22488828576173608,0.14048619246573707
0.09344675706804464,0.15017044885152048,0.17548806291063074,0.13662917531708707,0.16554863194686947,0.32001972631721687,0.11231871213888528,0.07446502848359382,0.24677182361782693,0.08636031504004403,0.101038917716146,0.2127912773657015,0.11676981548903284,0.10273070662165476,0.2073820521278815,0.11807869682172392,0.07308040639506502,0.22685360305801863,0.29342341176445014,0.11416607694402128,0.15444667528876924,0.0727365199081438
0.09215783693735685,0.2069272370340473,0.1607104645789514,0.12358880241442576,0.26092496309078633,0.36225239665547393,0.11186202515936769,0.07837886919183476,0.2552863596415011,0.07996759980210169,0.1146528015443116,0.13628025065873323,0.10163658717095131,0.09269356897375783,0.26168439810271504,0.05274135128916323,0.10252759159092824,0.20852786512950758,0.29469822244767985,0.10702896415083167,0.24156447149681076,0.10379412335220792
0.07072970103735762,0.21541269518915349,0.12921271214218036,0.0906164869579059,0.22155640174738636,0.2693990160687152,0.0938090712137202,0.12106305706665808,0.22594839550358572,0.0943779941422809,0.09838566839782836,0.21761898951841596,0.09802220693617715,0.10369360611729818,0.28024371552636496,0.07980538590580125,0.13877857998116572,0.16992122673044724,0.2777993382070723,0.12140300476632856,0.19696942853858163,0.08676035644406782
0.10592240554129152,0.16464570255195468,0.17698799626299752,0.06573730941818245,0.15851015382694175,0.2838075038823977,0.10652266044484236,0.0992088969228669,0.19331527678732582,0.13595373053699045,0.10157270380632182,0.19921448804293276,0.11838152965975537,0.07305747420940607,0.28246014306545597,0.11238308522010396,0.07999337350788852,0.18723784257333528,0.28447223623997386,0.09946957481501881,0.22681922468964852,0.10851774412386073
0.10522110544359779,0.20614900423782112,0.15921898562629827,0.12707744748330826,0.19238645287665568,0.24127417705306153,0.07497772847229395,0.1136300139474525,0.20586854745733293,0.11281685722534021,0.060035986309357844,0.22209959817668593,0.09419450911622698,0.08056771922978698,0.24833464922372572,0.141149909394234,0.08644510058950297,0.16815896572786043,0.395918830230283,0.08236250697544564,0.1571257106783938,0.10038295554831504
0.10010226913284923,0.20232834873784,0.1743858635651688,0.09770920309494764,0.16497526986460972,0.2733424043954333,0.11848054038413802,0.10056636752260922,0.2482603586603343,0.08857642020434407,0.11832655349404964,0.20895656536258647,0.10534784628143806,0.12400827815888851,0.24096250103245853,0.10041587415350817,0.1102781569931783,0.24304028554394397,0.33365516687647434,0.09673866072112473,0.13784964935935742,0.0871702618191138
0.09530825733249706,0.15428118808677507,0.16888886525770835,0.12475632623946925,0.14468801076142657,0.3226380295826911,0.09630195727114023,0.1005951227899149,0.16732257316051055,0.11145165562712318,0.10692976951795986,0.25456561719895376,0.10643395612392027,0.0868621144205721,0.22370107796804733,0.08543994117541731,0.10359163563879197,0.2008524659468777,0.2822711809182504,0.08510194710387102,0.23271558632100117,0.10975744569742149
